"","sim","fold","alg","r","lhat"
"1","T2D","1","pca+pls","1","0.533333333333333"
"2","T2D","1","pca+pls","1","0.533333333333333"
"3","T2D","1","pca+pls","27","0.2"
"4","T2D","1","pca+pls","2","0.466666666666667"
"5","T2D","1","pca+pls","3","0.533333333333333"
"6","T2D","1","pca+pls","4","0.266666666666667"
"7","T2D","1","pca+pls","5","0.266666666666667"
"8","T2D","1","pca+pls","6","0.333333333333333"
"9","T2D","1","pca+pls","7","0.333333333333333"
"10","T2D","1","pca+pls","8","0.266666666666667"
"11","T2D","1","pca+pls","9","0.333333333333333"
"12","T2D","1","pca+pls","11","0.4"
"13","T2D","1","pca+pls","13","0.333333333333333"
"14","T2D","1","pca+pls","18","0.4"
"15","T2D","1","pca+pls","19","0.333333333333333"
"16","T2D","1","pca+pls","24","0.333333333333333"
"17","T2D","1","pca+pls","30","0.333333333333333"
"18","T2D","1","pca+pls","34","0.333333333333333"
"19","T2D","1","pca+pls","16","0.4"
"20","T2D","1","pca+pls","22","0.4"
"21","T2D","1","pca+pls","32","0.266666666666667"
"22","T2D","1","pca+pls","39","0.266666666666667"
"23","T2D","1","pca+pls","10","0.266666666666667"
"24","T2D","1","pca+pls","11","0.4"
"25","T2D","1","pca+pls","12","0.4"
"26","T2D","1","pca+pls","23","0.333333333333333"
"27","T2D","1","pca+pls","36","0.4"
"28","T2D","1","pca+pls","21","0.466666666666667"
"29","T2D","1","pca+pls","39","0.4"
"30","T2D","1","pca+pls","14","0.4"
"31","T2D","1","pca+pls","42","0.266666666666667"
"32","T2D","1","pca+pls","15","0.333333333333333"
"33","T2D","1","pca+pls","18","0.333333333333333"
"34","T2D","1","pca+pls","39","0.4"
"35","T2D","1","pca+pls","16","0.4"
"36","T2D","1","pca+pls","20","0.4"
"37","T2D","1","pca+pls","33","0.4"
"38","T2D","1","pca+pls","31","0.466666666666667"
"39","T2D","1","pca+pls","35","0.333333333333333"
"40","T2D","1","pca+pls","17","0.4"
"41","T2D","1","pca+pls","26","0.4"
"42","T2D","1","pca+pls","48","0.333333333333333"
"43","T2D","1","pca+pls","44","0.333333333333333"
"44","T2D","1","pca+pls","50","0.4"
"45","T2D","1","pca+pls","38","0.333333333333333"
"46","T2D","1","pca+pls","51","0.4"
"47","T2D","1","pca+pls","28","0.333333333333333"
"48","T2D","1","pca+pls","37","0.4"
"49","T2D","1","pca+pls","41","0.4"
"50","T2D","1","pca+pls","25","0.4"
"51","T2D","1","pca+pls","28","0.333333333333333"
"52","T2D","1","pca+pls","43","0.4"
"53","T2D","1","pca+pls","46","0.4"
"54","T2D","1","pca+pls","47","0.333333333333333"
"55","T2D","1","pca+pls","52","0.4"
"56","T2D","1","pca+pls","45","0.466666666666667"
"57","T2D","1","pca+pls","57","0.4"
"58","T2D","1","pca+pls","58","0.4"
"59","T2D","1","pca+pls","29","0.4"
"60","T2D","1","pca+pls","36","0.333333333333333"
"61","T2D","1","pca+pls","54","0.333333333333333"
"62","T2D","1","pca+pls","55","0.333333333333333"
"63","T2D","1","pca+pls","40","0.333333333333333"
"64","T2D","1","pca+pls","44","0.4"
"65","T2D","1","pca+pls","48","0.4"
"66","T2D","1","pca+pls","49","0.333333333333333"
"67","T2D","1","pca+pls","56","0.333333333333333"
"68","T2D","1","pca+pls","53","0.333333333333333"
"69","T2D","1","pca+pls","59","0.333333333333333"
"70","T2D","1","pca+pls","60","0.4"
"71","T2D","1","pca+pls","61","0.333333333333333"
"72","T2D","2","pca+pls","1","0.466666666666667"
"73","T2D","2","pca+pls","1","0.466666666666667"
"74","T2D","2","pca+pls","27","0.133333333333333"
"75","T2D","2","pca+pls","2","0.133333333333333"
"76","T2D","2","pca+pls","3","0.333333333333333"
"77","T2D","2","pca+pls","4","0.133333333333333"
"78","T2D","2","pca+pls","5","0.2"
"79","T2D","2","pca+pls","6","0.133333333333333"
"80","T2D","2","pca+pls","7","0.2"
"81","T2D","2","pca+pls","8","0.133333333333333"
"82","T2D","2","pca+pls","9","0.133333333333333"
"83","T2D","2","pca+pls","11","0.133333333333333"
"84","T2D","2","pca+pls","13","0.2"
"85","T2D","2","pca+pls","18","0.2"
"86","T2D","2","pca+pls","19","0.2"
"87","T2D","2","pca+pls","24","0.2"
"88","T2D","2","pca+pls","30","0.2"
"89","T2D","2","pca+pls","34","0.2"
"90","T2D","2","pca+pls","16","0.2"
"91","T2D","2","pca+pls","22","0.2"
"92","T2D","2","pca+pls","32","0.2"
"93","T2D","2","pca+pls","39","0.2"
"94","T2D","2","pca+pls","10","0.2"
"95","T2D","2","pca+pls","11","0.133333333333333"
"96","T2D","2","pca+pls","12","0.2"
"97","T2D","2","pca+pls","23","0.133333333333333"
"98","T2D","2","pca+pls","36","0.133333333333333"
"99","T2D","2","pca+pls","21","0.0666666666666667"
"100","T2D","2","pca+pls","39","0.133333333333333"
"101","T2D","2","pca+pls","14","0.2"
"102","T2D","2","pca+pls","42","0.133333333333333"
"103","T2D","2","pca+pls","15","0.2"
"104","T2D","2","pca+pls","18","0.2"
"105","T2D","2","pca+pls","39","0.133333333333333"
"106","T2D","2","pca+pls","16","0.2"
"107","T2D","2","pca+pls","20","0.133333333333333"
"108","T2D","2","pca+pls","33","0.133333333333333"
"109","T2D","2","pca+pls","31","0.133333333333333"
"110","T2D","2","pca+pls","35","0.133333333333333"
"111","T2D","2","pca+pls","17","0.133333333333333"
"112","T2D","2","pca+pls","26","0.2"
"113","T2D","2","pca+pls","48","0.133333333333333"
"114","T2D","2","pca+pls","44","0.133333333333333"
"115","T2D","2","pca+pls","50","0.2"
"116","T2D","2","pca+pls","38","0.2"
"117","T2D","2","pca+pls","51","0.133333333333333"
"118","T2D","2","pca+pls","28","0.133333333333333"
"119","T2D","2","pca+pls","37","0.133333333333333"
"120","T2D","2","pca+pls","41","0.2"
"121","T2D","2","pca+pls","25","0.133333333333333"
"122","T2D","2","pca+pls","28","0.2"
"123","T2D","2","pca+pls","43","0.2"
"124","T2D","2","pca+pls","46","0.2"
"125","T2D","2","pca+pls","47","0.133333333333333"
"126","T2D","2","pca+pls","52","0.133333333333333"
"127","T2D","2","pca+pls","45","0.2"
"128","T2D","2","pca+pls","57","0.2"
"129","T2D","2","pca+pls","58","0.133333333333333"
"130","T2D","2","pca+pls","29","0.2"
"131","T2D","2","pca+pls","36","0.133333333333333"
"132","T2D","2","pca+pls","54","0.133333333333333"
"133","T2D","2","pca+pls","55","0.2"
"134","T2D","2","pca+pls","40","0.2"
"135","T2D","2","pca+pls","44","0.2"
"136","T2D","2","pca+pls","48","0.266666666666667"
"137","T2D","2","pca+pls","49","0.2"
"138","T2D","2","pca+pls","56","0.266666666666667"
"139","T2D","2","pca+pls","53","0.133333333333333"
"140","T2D","2","pca+pls","59","0.2"
"141","T2D","2","pca+pls","60","0.133333333333333"
"142","T2D","2","pca+pls","61","0.2"
"143","T2D","3","pca+pls","1","0.533333333333333"
"144","T2D","3","pca+pls","1","0.533333333333333"
"145","T2D","3","pca+pls","27","0.333333333333333"
"146","T2D","3","pca+pls","2","0.4"
"147","T2D","3","pca+pls","3","0.266666666666667"
"148","T2D","3","pca+pls","4","0.2"
"149","T2D","3","pca+pls","5","0.2"
"150","T2D","3","pca+pls","6","0.133333333333333"
"151","T2D","3","pca+pls","7","0.2"
"152","T2D","3","pca+pls","8","0.2"
"153","T2D","3","pca+pls","9","0.133333333333333"
"154","T2D","3","pca+pls","11","0.133333333333333"
"155","T2D","3","pca+pls","13","0.133333333333333"
"156","T2D","3","pca+pls","18","0.133333333333333"
"157","T2D","3","pca+pls","19","0.2"
"158","T2D","3","pca+pls","24","0.2"
"159","T2D","3","pca+pls","30","0.133333333333333"
"160","T2D","3","pca+pls","34","0.133333333333333"
"161","T2D","3","pca+pls","16","0.133333333333333"
"162","T2D","3","pca+pls","22","0.133333333333333"
"163","T2D","3","pca+pls","32","0.2"
"164","T2D","3","pca+pls","39","0.266666666666667"
"165","T2D","3","pca+pls","10","0.2"
"166","T2D","3","pca+pls","11","0.2"
"167","T2D","3","pca+pls","12","0.2"
"168","T2D","3","pca+pls","23","0.133333333333333"
"169","T2D","3","pca+pls","36","0.133333333333333"
"170","T2D","3","pca+pls","21","0.0666666666666667"
"171","T2D","3","pca+pls","39","0.2"
"172","T2D","3","pca+pls","14","0.133333333333333"
"173","T2D","3","pca+pls","42","0.133333333333333"
"174","T2D","3","pca+pls","15","0.2"
"175","T2D","3","pca+pls","18","0.2"
"176","T2D","3","pca+pls","39","0.0666666666666667"
"177","T2D","3","pca+pls","16","0.0666666666666667"
"178","T2D","3","pca+pls","20","0.0666666666666667"
"179","T2D","3","pca+pls","33","0.0666666666666667"
"180","T2D","3","pca+pls","31","0.0666666666666667"
"181","T2D","3","pca+pls","35","0.133333333333333"
"182","T2D","3","pca+pls","17","0.133333333333333"
"183","T2D","3","pca+pls","26","0.133333333333333"
"184","T2D","3","pca+pls","48","0.2"
"185","T2D","3","pca+pls","44","0.2"
"186","T2D","3","pca+pls","50","0.2"
"187","T2D","3","pca+pls","38","0.0666666666666667"
"188","T2D","3","pca+pls","51","0.2"
"189","T2D","3","pca+pls","28","0.133333333333333"
"190","T2D","3","pca+pls","37","0.133333333333333"
"191","T2D","3","pca+pls","41","0.133333333333333"
"192","T2D","3","pca+pls","25","0.133333333333333"
"193","T2D","3","pca+pls","28","0.133333333333333"
"194","T2D","3","pca+pls","43","0.2"
"195","T2D","3","pca+pls","46","0.2"
"196","T2D","3","pca+pls","47","0.2"
"197","T2D","3","pca+pls","52","0.2"
"198","T2D","3","pca+pls","45","0.2"
"199","T2D","3","pca+pls","57","0.133333333333333"
"200","T2D","3","pca+pls","58","0.133333333333333"
"201","T2D","3","pca+pls","29","0.2"
"202","T2D","3","pca+pls","36","0.2"
"203","T2D","3","pca+pls","54","0.266666666666667"
"204","T2D","3","pca+pls","55","0.266666666666667"
"205","T2D","3","pca+pls","40","0.266666666666667"
"206","T2D","3","pca+pls","44","0.133333333333333"
"207","T2D","3","pca+pls","48","0.2"
"208","T2D","3","pca+pls","49","0.2"
"209","T2D","3","pca+pls","56","0.133333333333333"
"210","T2D","3","pca+pls","53","0.266666666666667"
"211","T2D","3","pca+pls","59","0.2"
"212","T2D","3","pca+pls","60","0.2"
"213","T2D","3","pca+pls","61","0.133333333333333"
"214","T2D","4","pca+pls","1","0.4"
"215","T2D","4","pca+pls","1","0.4"
"216","T2D","4","pca+pls","27","0.2"
"217","T2D","4","pca+pls","2","0.333333333333333"
"218","T2D","4","pca+pls","3","0.4"
"219","T2D","4","pca+pls","4","0.266666666666667"
"220","T2D","4","pca+pls","5","0.266666666666667"
"221","T2D","4","pca+pls","6","0.266666666666667"
"222","T2D","4","pca+pls","7","0.333333333333333"
"223","T2D","4","pca+pls","8","0.333333333333333"
"224","T2D","4","pca+pls","9","0.333333333333333"
"225","T2D","4","pca+pls","11","0.333333333333333"
"226","T2D","4","pca+pls","13","0.266666666666667"
"227","T2D","4","pca+pls","18","0.266666666666667"
"228","T2D","4","pca+pls","19","0.333333333333333"
"229","T2D","4","pca+pls","24","0.266666666666667"
"230","T2D","4","pca+pls","30","0.333333333333333"
"231","T2D","4","pca+pls","34","0.333333333333333"
"232","T2D","4","pca+pls","16","0.333333333333333"
"233","T2D","4","pca+pls","22","0.266666666666667"
"234","T2D","4","pca+pls","32","0.266666666666667"
"235","T2D","4","pca+pls","39","0.266666666666667"
"236","T2D","4","pca+pls","10","0.266666666666667"
"237","T2D","4","pca+pls","11","0.333333333333333"
"238","T2D","4","pca+pls","12","0.266666666666667"
"239","T2D","4","pca+pls","23","0.333333333333333"
"240","T2D","4","pca+pls","36","0.266666666666667"
"241","T2D","4","pca+pls","21","0.333333333333333"
"242","T2D","4","pca+pls","39","0.266666666666667"
"243","T2D","4","pca+pls","14","0.333333333333333"
"244","T2D","4","pca+pls","42","0.266666666666667"
"245","T2D","4","pca+pls","15","0.333333333333333"
"246","T2D","4","pca+pls","18","0.266666666666667"
"247","T2D","4","pca+pls","39","0.333333333333333"
"248","T2D","4","pca+pls","16","0.333333333333333"
"249","T2D","4","pca+pls","20","0.266666666666667"
"250","T2D","4","pca+pls","33","0.333333333333333"
"251","T2D","4","pca+pls","31","0.266666666666667"
"252","T2D","4","pca+pls","35","0.266666666666667"
"253","T2D","4","pca+pls","17","0.333333333333333"
"254","T2D","4","pca+pls","26","0.266666666666667"
"255","T2D","4","pca+pls","48","0.333333333333333"
"256","T2D","4","pca+pls","44","0.266666666666667"
"257","T2D","4","pca+pls","50","0.333333333333333"
"258","T2D","4","pca+pls","38","0.266666666666667"
"259","T2D","4","pca+pls","51","0.266666666666667"
"260","T2D","4","pca+pls","28","0.333333333333333"
"261","T2D","4","pca+pls","37","0.266666666666667"
"262","T2D","4","pca+pls","41","0.333333333333333"
"263","T2D","4","pca+pls","25","0.333333333333333"
"264","T2D","4","pca+pls","28","0.266666666666667"
"265","T2D","4","pca+pls","43","0.333333333333333"
"266","T2D","4","pca+pls","46","0.333333333333333"
"267","T2D","4","pca+pls","47","0.266666666666667"
"268","T2D","4","pca+pls","52","0.333333333333333"
"269","T2D","4","pca+pls","45","0.266666666666667"
"270","T2D","4","pca+pls","57","0.266666666666667"
"271","T2D","4","pca+pls","58","0.333333333333333"
"272","T2D","4","pca+pls","29","0.266666666666667"
"273","T2D","4","pca+pls","36","0.333333333333333"
"274","T2D","4","pca+pls","54","0.333333333333333"
"275","T2D","4","pca+pls","55","0.266666666666667"
"276","T2D","4","pca+pls","40","0.266666666666667"
"277","T2D","4","pca+pls","44","0.266666666666667"
"278","T2D","4","pca+pls","48","0.266666666666667"
"279","T2D","4","pca+pls","49","0.266666666666667"
"280","T2D","4","pca+pls","56","0.333333333333333"
"281","T2D","4","pca+pls","53","0.333333333333333"
"282","T2D","4","pca+pls","59","0.333333333333333"
"283","T2D","4","pca+pls","60","0.333333333333333"
"284","T2D","4","pca+pls","61","0.333333333333333"
"285","T2D","5","pca+pls","1","0.266666666666667"
"286","T2D","5","pca+pls","1","0.266666666666667"
"287","T2D","5","pca+pls","27","0.333333333333333"
"288","T2D","5","pca+pls","2","0.4"
"289","T2D","5","pca+pls","3","0.333333333333333"
"290","T2D","5","pca+pls","4","0.266666666666667"
"291","T2D","5","pca+pls","5","0.333333333333333"
"292","T2D","5","pca+pls","6","0.466666666666667"
"293","T2D","5","pca+pls","7","0.333333333333333"
"294","T2D","5","pca+pls","8","0.266666666666667"
"295","T2D","5","pca+pls","9","0.4"
"296","T2D","5","pca+pls","11","0.333333333333333"
"297","T2D","5","pca+pls","13","0.333333333333333"
"298","T2D","5","pca+pls","18","0.333333333333333"
"299","T2D","5","pca+pls","19","0.266666666666667"
"300","T2D","5","pca+pls","24","0.266666666666667"
"301","T2D","5","pca+pls","30","0.266666666666667"
"302","T2D","5","pca+pls","34","0.333333333333333"
"303","T2D","5","pca+pls","16","0.266666666666667"
"304","T2D","5","pca+pls","22","0.333333333333333"
"305","T2D","5","pca+pls","32","0.333333333333333"
"306","T2D","5","pca+pls","39","0.333333333333333"
"307","T2D","5","pca+pls","10","0.333333333333333"
"308","T2D","5","pca+pls","11","0.333333333333333"
"309","T2D","5","pca+pls","12","0.333333333333333"
"310","T2D","5","pca+pls","23","0.266666666666667"
"311","T2D","5","pca+pls","36","0.333333333333333"
"312","T2D","5","pca+pls","21","0.333333333333333"
"313","T2D","5","pca+pls","39","0.333333333333333"
"314","T2D","5","pca+pls","14","0.333333333333333"
"315","T2D","5","pca+pls","42","0.333333333333333"
"316","T2D","5","pca+pls","15","0.333333333333333"
"317","T2D","5","pca+pls","18","0.333333333333333"
"318","T2D","5","pca+pls","39","0.4"
"319","T2D","5","pca+pls","16","0.333333333333333"
"320","T2D","5","pca+pls","20","0.333333333333333"
"321","T2D","5","pca+pls","33","0.333333333333333"
"322","T2D","5","pca+pls","31","0.333333333333333"
"323","T2D","5","pca+pls","35","0.333333333333333"
"324","T2D","5","pca+pls","17","0.333333333333333"
"325","T2D","5","pca+pls","26","0.333333333333333"
"326","T2D","5","pca+pls","48","0.4"
"327","T2D","5","pca+pls","44","0.333333333333333"
"328","T2D","5","pca+pls","50","0.333333333333333"
"329","T2D","5","pca+pls","38","0.333333333333333"
"330","T2D","5","pca+pls","51","0.333333333333333"
"331","T2D","5","pca+pls","28","0.333333333333333"
"332","T2D","5","pca+pls","37","0.4"
"333","T2D","5","pca+pls","41","0.333333333333333"
"334","T2D","5","pca+pls","25","0.333333333333333"
"335","T2D","5","pca+pls","28","0.333333333333333"
"336","T2D","5","pca+pls","43","0.333333333333333"
"337","T2D","5","pca+pls","46","0.333333333333333"
"338","T2D","5","pca+pls","47","0.333333333333333"
"339","T2D","5","pca+pls","52","0.333333333333333"
"340","T2D","5","pca+pls","45","0.333333333333333"
"341","T2D","5","pca+pls","57","0.333333333333333"
"342","T2D","5","pca+pls","58","0.333333333333333"
"343","T2D","5","pca+pls","29","0.333333333333333"
"344","T2D","5","pca+pls","36","0.333333333333333"
"345","T2D","5","pca+pls","54","0.4"
"346","T2D","5","pca+pls","55","0.333333333333333"
"347","T2D","5","pca+pls","40","0.266666666666667"
"348","T2D","5","pca+pls","44","0.333333333333333"
"349","T2D","5","pca+pls","48","0.333333333333333"
"350","T2D","5","pca+pls","49","0.333333333333333"
"351","T2D","5","pca+pls","56","0.333333333333333"
"352","T2D","5","pca+pls","53","0.333333333333333"
"353","T2D","5","pca+pls","59","0.4"
"354","T2D","5","pca+pls","60","0.333333333333333"
"355","T2D","5","pca+pls","61","0.333333333333333"
"356","T2D","6","pca+pls","1","0.333333333333333"
"357","T2D","6","pca+pls","1","0.4"
"358","T2D","6","pca+pls","27","0.266666666666667"
"359","T2D","6","pca+pls","2","0.266666666666667"
"360","T2D","6","pca+pls","3","0.2"
"361","T2D","6","pca+pls","4","0.266666666666667"
"362","T2D","6","pca+pls","5","0.266666666666667"
"363","T2D","6","pca+pls","6","0.266666666666667"
"364","T2D","6","pca+pls","7","0.266666666666667"
"365","T2D","6","pca+pls","8","0.2"
"366","T2D","6","pca+pls","9","0.266666666666667"
"367","T2D","6","pca+pls","11","0.333333333333333"
"368","T2D","6","pca+pls","13","0.333333333333333"
"369","T2D","6","pca+pls","18","0.266666666666667"
"370","T2D","6","pca+pls","19","0.266666666666667"
"371","T2D","6","pca+pls","24","0.266666666666667"
"372","T2D","6","pca+pls","30","0.2"
"373","T2D","6","pca+pls","34","0.266666666666667"
"374","T2D","6","pca+pls","16","0.266666666666667"
"375","T2D","6","pca+pls","22","0.2"
"376","T2D","6","pca+pls","32","0.2"
"377","T2D","6","pca+pls","39","0.2"
"378","T2D","6","pca+pls","10","0.333333333333333"
"379","T2D","6","pca+pls","11","0.266666666666667"
"380","T2D","6","pca+pls","12","0.266666666666667"
"381","T2D","6","pca+pls","23","0.266666666666667"
"382","T2D","6","pca+pls","36","0.266666666666667"
"383","T2D","6","pca+pls","21","0.266666666666667"
"384","T2D","6","pca+pls","39","0.266666666666667"
"385","T2D","6","pca+pls","14","0.2"
"386","T2D","6","pca+pls","42","0.333333333333333"
"387","T2D","6","pca+pls","15","0.2"
"388","T2D","6","pca+pls","18","0.266666666666667"
"389","T2D","6","pca+pls","39","0.2"
"390","T2D","6","pca+pls","16","0.266666666666667"
"391","T2D","6","pca+pls","20","0.333333333333333"
"392","T2D","6","pca+pls","33","0.333333333333333"
"393","T2D","6","pca+pls","31","0.266666666666667"
"394","T2D","6","pca+pls","35","0.2"
"395","T2D","6","pca+pls","17","0.2"
"396","T2D","6","pca+pls","26","0.266666666666667"
"397","T2D","6","pca+pls","48","0.333333333333333"
"398","T2D","6","pca+pls","44","0.333333333333333"
"399","T2D","6","pca+pls","50","0.333333333333333"
"400","T2D","6","pca+pls","38","0.333333333333333"
"401","T2D","6","pca+pls","51","0.266666666666667"
"402","T2D","6","pca+pls","28","0.266666666666667"
"403","T2D","6","pca+pls","37","0.266666666666667"
"404","T2D","6","pca+pls","41","0.2"
"405","T2D","6","pca+pls","25","0.333333333333333"
"406","T2D","6","pca+pls","28","0.2"
"407","T2D","6","pca+pls","43","0.333333333333333"
"408","T2D","6","pca+pls","46","0.2"
"409","T2D","6","pca+pls","47","0.266666666666667"
"410","T2D","6","pca+pls","52","0.2"
"411","T2D","6","pca+pls","45","0.266666666666667"
"412","T2D","6","pca+pls","57","0.333333333333333"
"413","T2D","6","pca+pls","58","0.2"
"414","T2D","6","pca+pls","29","0.266666666666667"
"415","T2D","6","pca+pls","36","0.2"
"416","T2D","6","pca+pls","54","0.2"
"417","T2D","6","pca+pls","55","0.266666666666667"
"418","T2D","6","pca+pls","40","0.266666666666667"
"419","T2D","6","pca+pls","44","0.266666666666667"
"420","T2D","6","pca+pls","48","0.266666666666667"
"421","T2D","6","pca+pls","49","0.266666666666667"
"422","T2D","6","pca+pls","56","0.333333333333333"
"423","T2D","6","pca+pls","53","0.2"
"424","T2D","6","pca+pls","59","0.266666666666667"
"425","T2D","6","pca+pls","60","0.333333333333333"
"426","T2D","6","pca+pls","61","0.333333333333333"
"427","T2D","7","pca+pls","1","0.333333333333333"
"428","T2D","7","pca+pls","1","0.266666666666667"
"429","T2D","7","pca+pls","27","0.333333333333333"
"430","T2D","7","pca+pls","2","0.266666666666667"
"431","T2D","7","pca+pls","3","0.266666666666667"
"432","T2D","7","pca+pls","4","0.266666666666667"
"433","T2D","7","pca+pls","5","0.266666666666667"
"434","T2D","7","pca+pls","6","0.266666666666667"
"435","T2D","7","pca+pls","7","0.2"
"436","T2D","7","pca+pls","8","0.2"
"437","T2D","7","pca+pls","9","0.2"
"438","T2D","7","pca+pls","11","0.266666666666667"
"439","T2D","7","pca+pls","13","0.2"
"440","T2D","7","pca+pls","18","0.266666666666667"
"441","T2D","7","pca+pls","19","0.2"
"442","T2D","7","pca+pls","24","0.266666666666667"
"443","T2D","7","pca+pls","30","0.2"
"444","T2D","7","pca+pls","34","0.2"
"445","T2D","7","pca+pls","16","0.2"
"446","T2D","7","pca+pls","22","0.2"
"447","T2D","7","pca+pls","32","0.2"
"448","T2D","7","pca+pls","39","0.2"
"449","T2D","7","pca+pls","10","0.266666666666667"
"450","T2D","7","pca+pls","11","0.2"
"451","T2D","7","pca+pls","12","0.2"
"452","T2D","7","pca+pls","23","0.2"
"453","T2D","7","pca+pls","36","0.2"
"454","T2D","7","pca+pls","21","0.2"
"455","T2D","7","pca+pls","39","0.2"
"456","T2D","7","pca+pls","14","0.2"
"457","T2D","7","pca+pls","42","0.2"
"458","T2D","7","pca+pls","15","0.2"
"459","T2D","7","pca+pls","18","0.266666666666667"
"460","T2D","7","pca+pls","39","0.2"
"461","T2D","7","pca+pls","16","0.266666666666667"
"462","T2D","7","pca+pls","20","0.2"
"463","T2D","7","pca+pls","33","0.2"
"464","T2D","7","pca+pls","31","0.2"
"465","T2D","7","pca+pls","35","0.2"
"466","T2D","7","pca+pls","17","0.266666666666667"
"467","T2D","7","pca+pls","26","0.2"
"468","T2D","7","pca+pls","48","0.2"
"469","T2D","7","pca+pls","44","0.2"
"470","T2D","7","pca+pls","50","0.2"
"471","T2D","7","pca+pls","38","0.2"
"472","T2D","7","pca+pls","51","0.2"
"473","T2D","7","pca+pls","28","0.2"
"474","T2D","7","pca+pls","37","0.2"
"475","T2D","7","pca+pls","41","0.2"
"476","T2D","7","pca+pls","25","0.2"
"477","T2D","7","pca+pls","28","0.2"
"478","T2D","7","pca+pls","43","0.2"
"479","T2D","7","pca+pls","46","0.266666666666667"
"480","T2D","7","pca+pls","47","0.2"
"481","T2D","7","pca+pls","52","0.2"
"482","T2D","7","pca+pls","45","0.2"
"483","T2D","7","pca+pls","57","0.133333333333333"
"484","T2D","7","pca+pls","58","0.2"
"485","T2D","7","pca+pls","29","0.2"
"486","T2D","7","pca+pls","36","0.266666666666667"
"487","T2D","7","pca+pls","54","0.2"
"488","T2D","7","pca+pls","55","0.2"
"489","T2D","7","pca+pls","40","0.2"
"490","T2D","7","pca+pls","44","0.2"
"491","T2D","7","pca+pls","48","0.2"
"492","T2D","7","pca+pls","49","0.2"
"493","T2D","7","pca+pls","56","0.2"
"494","T2D","7","pca+pls","53","0.2"
"495","T2D","7","pca+pls","59","0.2"
"496","T2D","7","pca+pls","60","0.2"
"497","T2D","7","pca+pls","61","0.2"
"498","T2D","8","pca+pls","1","0.6"
"499","T2D","8","pca+pls","1","0.6"
"500","T2D","8","pca+pls","27","0.266666666666667"
"501","T2D","8","pca+pls","2","0.2"
"502","T2D","8","pca+pls","3","0.266666666666667"
"503","T2D","8","pca+pls","4","0.133333333333333"
"504","T2D","8","pca+pls","5","0.2"
"505","T2D","8","pca+pls","6","0.2"
"506","T2D","8","pca+pls","7","0.133333333333333"
"507","T2D","8","pca+pls","8","0.133333333333333"
"508","T2D","8","pca+pls","9","0.266666666666667"
"509","T2D","8","pca+pls","11","0.2"
"510","T2D","8","pca+pls","13","0.2"
"511","T2D","8","pca+pls","18","0.2"
"512","T2D","8","pca+pls","19","0.2"
"513","T2D","8","pca+pls","24","0.2"
"514","T2D","8","pca+pls","30","0.2"
"515","T2D","8","pca+pls","34","0.133333333333333"
"516","T2D","8","pca+pls","16","0.2"
"517","T2D","8","pca+pls","22","0.266666666666667"
"518","T2D","8","pca+pls","32","0.133333333333333"
"519","T2D","8","pca+pls","39","0.266666666666667"
"520","T2D","8","pca+pls","10","0.2"
"521","T2D","8","pca+pls","11","0.266666666666667"
"522","T2D","8","pca+pls","12","0.133333333333333"
"523","T2D","8","pca+pls","23","0.133333333333333"
"524","T2D","8","pca+pls","36","0.2"
"525","T2D","8","pca+pls","21","0.2"
"526","T2D","8","pca+pls","39","0.2"
"527","T2D","8","pca+pls","14","0.0666666666666667"
"528","T2D","8","pca+pls","42","0.2"
"529","T2D","8","pca+pls","15","0.2"
"530","T2D","8","pca+pls","18","0.2"
"531","T2D","8","pca+pls","39","0.266666666666667"
"532","T2D","8","pca+pls","16","0.133333333333333"
"533","T2D","8","pca+pls","20","0.2"
"534","T2D","8","pca+pls","33","0.2"
"535","T2D","8","pca+pls","31","0.2"
"536","T2D","8","pca+pls","35","0.266666666666667"
"537","T2D","8","pca+pls","17","0.2"
"538","T2D","8","pca+pls","26","0.2"
"539","T2D","8","pca+pls","48","0.2"
"540","T2D","8","pca+pls","44","0.2"
"541","T2D","8","pca+pls","50","0.133333333333333"
"542","T2D","8","pca+pls","38","0.2"
"543","T2D","8","pca+pls","51","0.2"
"544","T2D","8","pca+pls","28","0.2"
"545","T2D","8","pca+pls","37","0.133333333333333"
"546","T2D","8","pca+pls","41","0.2"
"547","T2D","8","pca+pls","25","0.0666666666666667"
"548","T2D","8","pca+pls","28","0.266666666666667"
"549","T2D","8","pca+pls","43","0.0666666666666667"
"550","T2D","8","pca+pls","46","0.2"
"551","T2D","8","pca+pls","47","0.2"
"552","T2D","8","pca+pls","52","0.266666666666667"
"553","T2D","8","pca+pls","45","0.133333333333333"
"554","T2D","8","pca+pls","57","0.2"
"555","T2D","8","pca+pls","58","0.2"
"556","T2D","8","pca+pls","29","0.0666666666666667"
"557","T2D","8","pca+pls","36","0.133333333333333"
"558","T2D","8","pca+pls","54","0.133333333333333"
"559","T2D","8","pca+pls","55","0.133333333333333"
"560","T2D","8","pca+pls","40","0.266666666666667"
"561","T2D","8","pca+pls","44","0.2"
"562","T2D","8","pca+pls","48","0.2"
"563","T2D","8","pca+pls","49","0.2"
"564","T2D","8","pca+pls","56","0.266666666666667"
"565","T2D","8","pca+pls","53","0.266666666666667"
"566","T2D","8","pca+pls","59","0.133333333333333"
"567","T2D","8","pca+pls","60","0.2"
"568","T2D","8","pca+pls","61","0.266666666666667"
"569","T2D","9","pca+pls","1","0.571428571428571"
"570","T2D","9","pca+pls","1","0.571428571428571"
"571","T2D","9","pca+pls","27","0.285714285714286"
"572","T2D","9","pca+pls","2","0.357142857142857"
"573","T2D","9","pca+pls","3","0.285714285714286"
"574","T2D","9","pca+pls","4","0.357142857142857"
"575","T2D","9","pca+pls","5","0.357142857142857"
"576","T2D","9","pca+pls","6","0.428571428571429"
"577","T2D","9","pca+pls","7","0.357142857142857"
"578","T2D","9","pca+pls","8","0.357142857142857"
"579","T2D","9","pca+pls","9","0.357142857142857"
"580","T2D","9","pca+pls","11","0.357142857142857"
"581","T2D","9","pca+pls","13","0.357142857142857"
"582","T2D","9","pca+pls","18","0.357142857142857"
"583","T2D","9","pca+pls","19","0.357142857142857"
"584","T2D","9","pca+pls","24","0.357142857142857"
"585","T2D","9","pca+pls","30","0.357142857142857"
"586","T2D","9","pca+pls","34","0.357142857142857"
"587","T2D","9","pca+pls","16","0.357142857142857"
"588","T2D","9","pca+pls","22","0.357142857142857"
"589","T2D","9","pca+pls","32","0.357142857142857"
"590","T2D","9","pca+pls","39","0.357142857142857"
"591","T2D","9","pca+pls","10","0.357142857142857"
"592","T2D","9","pca+pls","11","0.357142857142857"
"593","T2D","9","pca+pls","12","0.357142857142857"
"594","T2D","9","pca+pls","23","0.428571428571429"
"595","T2D","9","pca+pls","36","0.357142857142857"
"596","T2D","9","pca+pls","21","0.428571428571429"
"597","T2D","9","pca+pls","39","0.357142857142857"
"598","T2D","9","pca+pls","14","0.357142857142857"
"599","T2D","9","pca+pls","42","0.357142857142857"
"600","T2D","9","pca+pls","15","0.357142857142857"
"601","T2D","9","pca+pls","18","0.357142857142857"
"602","T2D","9","pca+pls","39","0.357142857142857"
"603","T2D","9","pca+pls","16","0.357142857142857"
"604","T2D","9","pca+pls","20","0.357142857142857"
"605","T2D","9","pca+pls","33","0.357142857142857"
"606","T2D","9","pca+pls","31","0.357142857142857"
"607","T2D","9","pca+pls","35","0.357142857142857"
"608","T2D","9","pca+pls","17","0.357142857142857"
"609","T2D","9","pca+pls","26","0.357142857142857"
"610","T2D","9","pca+pls","48","0.357142857142857"
"611","T2D","9","pca+pls","44","0.428571428571429"
"612","T2D","9","pca+pls","50","0.357142857142857"
"613","T2D","9","pca+pls","38","0.357142857142857"
"614","T2D","9","pca+pls","51","0.428571428571429"
"615","T2D","9","pca+pls","28","0.357142857142857"
"616","T2D","9","pca+pls","37","0.357142857142857"
"617","T2D","9","pca+pls","41","0.357142857142857"
"618","T2D","9","pca+pls","25","0.357142857142857"
"619","T2D","9","pca+pls","28","0.357142857142857"
"620","T2D","9","pca+pls","43","0.357142857142857"
"621","T2D","9","pca+pls","46","0.357142857142857"
"622","T2D","9","pca+pls","47","0.357142857142857"
"623","T2D","9","pca+pls","52","0.357142857142857"
"624","T2D","9","pca+pls","45","0.357142857142857"
"625","T2D","9","pca+pls","57","0.357142857142857"
"626","T2D","9","pca+pls","58","0.357142857142857"
"627","T2D","9","pca+pls","29","0.357142857142857"
"628","T2D","9","pca+pls","36","0.357142857142857"
"629","T2D","9","pca+pls","54","0.357142857142857"
"630","T2D","9","pca+pls","55","0.357142857142857"
"631","T2D","9","pca+pls","40","0.357142857142857"
"632","T2D","9","pca+pls","44","0.357142857142857"
"633","T2D","9","pca+pls","48","0.357142857142857"
"634","T2D","9","pca+pls","49","0.357142857142857"
"635","T2D","9","pca+pls","56","0.357142857142857"
"636","T2D","9","pca+pls","53","0.357142857142857"
"637","T2D","9","pca+pls","59","0.428571428571429"
"638","T2D","9","pca+pls","60","0.357142857142857"
"639","T2D","9","pca+pls","61","0.357142857142857"
"640","T2D","10","pca+pls","1","0.142857142857143"
"641","T2D","10","pca+pls","1","0.142857142857143"
"642","T2D","10","pca+pls","27","0.142857142857143"
"643","T2D","10","pca+pls","2","0.285714285714286"
"644","T2D","10","pca+pls","3","0.285714285714286"
"645","T2D","10","pca+pls","4","0.0714285714285714"
"646","T2D","10","pca+pls","5","0.0714285714285714"
"647","T2D","10","pca+pls","6","0.142857142857143"
"648","T2D","10","pca+pls","7","0.0714285714285714"
"649","T2D","10","pca+pls","8","0.0714285714285714"
"650","T2D","10","pca+pls","9","0.142857142857143"
"651","T2D","10","pca+pls","11","0.142857142857143"
"652","T2D","10","pca+pls","13","0.0714285714285714"
"653","T2D","10","pca+pls","18","0.0714285714285714"
"654","T2D","10","pca+pls","19","0.0714285714285714"
"655","T2D","10","pca+pls","24","0.142857142857143"
"656","T2D","10","pca+pls","30","0.142857142857143"
"657","T2D","10","pca+pls","34","0.142857142857143"
"658","T2D","10","pca+pls","16","0.142857142857143"
"659","T2D","10","pca+pls","22","0.0714285714285714"
"660","T2D","10","pca+pls","32","0.142857142857143"
"661","T2D","10","pca+pls","39","0.142857142857143"
"662","T2D","10","pca+pls","10","0.142857142857143"
"663","T2D","10","pca+pls","11","0.142857142857143"
"664","T2D","10","pca+pls","12","0.142857142857143"
"665","T2D","10","pca+pls","23","0.142857142857143"
"666","T2D","10","pca+pls","36","0.142857142857143"
"667","T2D","10","pca+pls","21","0.142857142857143"
"668","T2D","10","pca+pls","39","0.142857142857143"
"669","T2D","10","pca+pls","14","0.142857142857143"
"670","T2D","10","pca+pls","42","0.142857142857143"
"671","T2D","10","pca+pls","15","0.142857142857143"
"672","T2D","10","pca+pls","18","0.0714285714285714"
"673","T2D","10","pca+pls","39","0.142857142857143"
"674","T2D","10","pca+pls","16","0.142857142857143"
"675","T2D","10","pca+pls","20","0.142857142857143"
"676","T2D","10","pca+pls","33","0.142857142857143"
"677","T2D","10","pca+pls","31","0.142857142857143"
"678","T2D","10","pca+pls","35","0.142857142857143"
"679","T2D","10","pca+pls","17","0.142857142857143"
"680","T2D","10","pca+pls","26","0.142857142857143"
"681","T2D","10","pca+pls","48","0.0714285714285714"
"682","T2D","10","pca+pls","44","0.0714285714285714"
"683","T2D","10","pca+pls","50","0.142857142857143"
"684","T2D","10","pca+pls","38","0.0714285714285714"
"685","T2D","10","pca+pls","51","0.0714285714285714"
"686","T2D","10","pca+pls","28","0.142857142857143"
"687","T2D","10","pca+pls","37","0.142857142857143"
"688","T2D","10","pca+pls","41","0.142857142857143"
"689","T2D","10","pca+pls","25","0.142857142857143"
"690","T2D","10","pca+pls","28","0.142857142857143"
"691","T2D","10","pca+pls","43","0.0714285714285714"
"692","T2D","10","pca+pls","46","0.0714285714285714"
"693","T2D","10","pca+pls","47","0.142857142857143"
"694","T2D","10","pca+pls","52","0.142857142857143"
"695","T2D","10","pca+pls","45","0.0714285714285714"
"696","T2D","10","pca+pls","57","0.142857142857143"
"697","T2D","10","pca+pls","58","0.142857142857143"
"698","T2D","10","pca+pls","29","0.142857142857143"
"699","T2D","10","pca+pls","36","0.142857142857143"
"700","T2D","10","pca+pls","54","0.0714285714285714"
"701","T2D","10","pca+pls","55","0.142857142857143"
"702","T2D","10","pca+pls","40","0.0714285714285714"
"703","T2D","10","pca+pls","44","0.142857142857143"
"704","T2D","10","pca+pls","48","0.0714285714285714"
"705","T2D","10","pca+pls","49","0.142857142857143"
"706","T2D","10","pca+pls","56","0.0714285714285714"
"707","T2D","10","pca+pls","53","0.142857142857143"
"708","T2D","10","pca+pls","59","0.142857142857143"
"709","T2D","10","pca+pls","60","0.142857142857143"
"710","T2D","10","pca+pls","61","0.0714285714285714"
